<?xml version="1.0" encoding="UTF-8"?>
<metadata>
  <idinfo>
    <citation>
      <citeinfo>
        <origin/>
        <origin/>
        <pubdate>20151222</pubdate>
        <title>Cities, California, 2015</title>
        <edition>2015</edition>
        <geoform>vector digital data</geoform>
        <pubinfo>
          <pubplace/>
          <publish>California. Department of Transportation</publish>
        </pubinfo>
        <othercit>Information provided in the Caltrans GIS Data Library is accurate to the best of our knowledge and is subject to change on a regular basis, without notice. While the Office of Data Services and Technology, GIS Branch makes every effort to provide useful and accurate information, we do not warrant the information to be authoritative, complete, factual, or timely. Information is provided on an "as is" and an "as available" basis. The Department of Transportation is not liable to any party for any cost or damages, including any direct, indirect, special, incidental, or consequential damages, arising out of or in connection with the access or use of, or the inability to access or use, the Site or any of the Materials or Services described herein.</othercit>
        <onlink>http://purl.stanford.edu/zd071bk4213</onlink>
        <lworkcit>
          <citeinfo>
            <title>California Department of Transportation Maps and GIS Data</title>
          </citeinfo>
        </lworkcit>
      </citeinfo>
    </citation>
    <descript>
      <abstract>This polygon shapefile contains the boundaries of cities in California as of 2015. This layer is an updated version of the 2012 layer. These data were created by extracting city boundaries from the Tax Area Services Section (TASS) of the California Board of Equalization 2013-2015 data release. The city boundary lines were digitized to match available county parcel base information provided from TASS in the format of CAD DWG layers and/or the Tax Rate Area (TRA) maps in PDF file. TIGER/Line Parcel data and ESRI Basemap imagery were used as reference layers. Additional 3 nautical mile offshore polygons were digitized for the coastal cities located from south of San Francisco to the Mexican border according to TRA maps. We keep the offshore polygons separate from their city boundaries on the lands, and put “3 nautical mile offshore” label in the attribute “Notes” for those polygons. The attributes include 2010 United States Census population and land area information, the city incorporated dates and web links are listed as well. This GIS version of California City boundaries is intended for general reference, planning, and study purposes only and does not represent official property boundary determinations. This layer is part of a collection of GIS data created by the California Department of Transportation (Caltrans).</abstract>
      <purpose>This dataset is intended for researchers, students, and policy makers for reference and mapping purposes, and may be used for basic applications such as viewing, querying, and map output production, or to provide a basemap to support graphical overlays and analysis with other spatial data.</purpose>
      <supplinf>Additional references: 
1. The League of California Cities (http://www.cacities.org/Resources/Learn-About-Cities )
2. California Cities by Incorporation Date (http://calafco.org/resources.htm#incorp ). The California Association of Local Agency Formation Commissions (CALAFCO).



</supplinf>
    </descript>
    <timeperd>
      <timeinfo>
        <sngdate>
          <caldate>20151222</caldate>
        </sngdate>
      </timeinfo>
      <current>publication date</current>
    </timeperd>
    <status>
      <update>As needed</update>
    </status>
    <spdom>
      <bounding>
        <westbc>-124.269515</westbc>
        <eastbc>-114.514098</eastbc>
        <northbc>41.974379</northbc>
        <southbc>32.534317</southbc>
      </bounding>
    </spdom>
    <keywords>
      <theme>
        <themekt>lcsh</themekt>
        <themekey>Cities and towns</themekey>
        <themekey>Metropolitan areas</themekey>
        <themekey>Population statistics</themekey>
      </theme>
      <theme>
        <themekt>ISO 19115 Topic Categories</themekt>
        <themekey>boundaries</themekey>
        <themekey>society</themekey>
      </theme>
      <place>
        <placekt>geonames</placekt>
        <placekey>California</placekey>
      </place>
    </keywords>
    <accconst>None</accconst>
    <useconst>Notes from California State Board of Equalization (SBE): These TRA datasets are “only suitable for assessment purposes” and should not be used for any other purpose. TASS information may be freely distributed as long as the use of the information does not violate the Public Records Act, California Government Code §6250 and Information Practices Act of 1977, California Civil Code Section §1798-1798.1</useconst>
    <ptcontac>
      <cntinfo>
        <cntorgp>
          <cntorg>Tax Area Services Section of State Board Of Equalization </cntorg>
          <cntper>Ric Schwarting </cntper>
        </cntorgp>
        <cntpos>GIS Manager</cntpos>
        <cntaddr>
          <addrtype>physical</addrtype>
          <address>160 Promenade Cir.</address>
          <city>Sacramento</city>
          <state>CA</state>
          <postal>95834</postal>
        </cntaddr>
        <cntvoice>916-274-3261</cntvoice>
        <cntemail>Ricard.Schwarting@boe.ca.gov</cntemail>
      </cntinfo>
    </ptcontac>
    <datacred>California Department of Transportation. (2015). Cities, California, 2015. California Department of Transportation. Available at http://purl.stanford.edu/zd071bk4213.</datacred>
    <native>Microsoft Windows 7 Version 6.1 (Build 7601) Service Pack 1; Esri ArcGIS 10.3.1.4959</native>
  </idinfo>
  <spdoinfo>
    <direct>Vector</direct>
    <ptvctinf>
      <sdtsterm>
        <sdtstype>GT-polygon composed of chains</sdtstype>
        <ptvctcnt>798</ptvctcnt>
      </sdtsterm>
    </ptvctinf>
  </spdoinfo>
  <eainfo>
    <detailed>
      <enttyp>
        <enttypl>Cities2015</enttypl>
        <enttypd>City boundary polygons</enttypd>
        <enttypds>ESRI</enttypds>
      </enttyp>
      <attr>
        <attrlabl>FID</attrlabl>
        <attrdef>Internal feature number.</attrdef>
        <attrdefs>ESRI</attrdefs>
        <attrdomv>
          <udom>Sequential unique whole numbers that are automatically generated.</udom>
        </attrdomv>
      </attr>
      <attr>
        <attrlabl>Shape</attrlabl>
        <attrdef>Feature geometry.</attrdef>
        <attrdefs>ESRI</attrdefs>
        <attrdomv>
          <udom>Coordinates defining the features.</udom>
        </attrdomv>
      </attr>
      <attr>
        <attrlabl>NAME</attrlabl>
        <attrdef>Legal City Name</attrdef>
        <attrdefs>The League of California Cities </attrdefs>
        <attrdomv>
          <udom>City names</udom>
        </attrdomv>
      </attr>
      <attr>
        <attrlabl>CityType</attrlabl>
        <attrdef>Classification of places, city or town.</attrdef>
        <attrdefs>unknown</attrdefs>
        <attrdomv>
          <edom>
            <edomv>City</edomv>
            <edomvd>An incorporated urban center that has self-government, boundaries, and legal rights established by state charter.</edomvd>
            <edomvds>U.S. urban center of government</edomvds>
          </edom>
          <edom>
            <edomv>Town</edomv>
            <edomvd>The size of urban areas are smaller than cities</edomvd>
            <edomvds>U.S. urban center of government</edomvds>
          </edom>
        </attrdomv>
      </attr>
      <attr>
        <attrlabl>Pop2010</attrlabl>
        <attrdef>City Population according to the 2010 Census</attrdef>
        <attrdefs>Census 2010</attrdefs>
        <attrdomv>
          <udom>The number of population</udom>
        </attrdomv>
      </attr>
      <attr>
        <attrlabl>Land_sqmi</attrlabl>
        <attrdef>City land area (in square miles)</attrdef>
        <attrdefs>Census 2010</attrdefs>
        <attrdomv>
          <udom>The numbers of square miles</udom>
        </attrdomv>
      </attr>
      <attr>
        <attrlabl>DateIncorp</attrlabl>
        <attrdef>Date a city was legally incorporated</attrdef>
        <attrdefs>CALAFCO: California Cities by Incorporation Date</attrdefs>
        <attrdomv>
          <udom>Given dates</udom>
        </attrdomv>
      </attr>
      <attr>
        <attrlabl>WebLink</attrlabl>
        <attrdef>City official website</attrdef>
        <attrdefs>Cities' websites</attrdefs>
        <attrdomv>
          <udom>URL list</udom>
        </attrdomv>
      </attr>
      <attr>
        <attrlabl>County</attrlabl>
        <attrdef>County Name</attrdef>
        <attrdefs>County GIS database</attrdefs>
        <attrdomv>
          <codesetd>
            <codesetn>County name list</codesetn>
            <codesets>The State of California</codesets>
          </codesetd>
        </attrdomv>
      </attr>
      <attr>
        <attrlabl>Notes</attrlabl>
        <attrdef>Note of 3 nautical mile offshore polygon for the city that has 3 nautical mile offshore lines on their TRA maps, some have the latest update files.</attrdef>
        <attrdefs>Working notes</attrdefs>
        <attrdomv>
          <udom>digitizing notes</udom>
        </attrdomv>
      </attr>
      <attr>
        <attrlabl>CityAbbv</attrlabl>
        <attrdef>The city name abbreviation. </attrdef>
        <attrdefs>The League of California Cities </attrdefs>
        <attrdomv>
          <codesetd>
            <codesetn>California Cities</codesetn>
            <codesets>The League of California Cities </codesets>
          </codesetd>
        </attrdomv>
      </attr>
    </detailed>
  </eainfo>
  <distinfo>
    <distrib>
      <cntinfo>
        <cntorgp>
          <cntorg>Stanford Geospatial Center</cntorg>
        </cntorgp>
        <cntaddr>
          <addrtype>mailing and physical</addrtype>
          <address>Branner Earth Sciences Library</address>
          <address>Mitchell Bldg. 2nd floor</address>
          <address>397 Panama Mall</address>
          <city>Stanford</city>
          <state>California</state>
          <postal>94305</postal>
          <country>US</country>
        </cntaddr>
        <cntvoice>650-723-2746</cntvoice>
        <cntemail>brannerlibrary@stanford.edu</cntemail>
      </cntinfo>
    </distrib>
    <distliab>See access and use constraints information.</distliab>
  </distinfo>
  <metainfo>
    <metd>20170106</metd>
    <metc>
      <cntinfo>
        <cntorgp>
          <cntorg>Stanford Geospatial Center</cntorg>
        </cntorgp>
        <cntaddr>
          <addrtype>mailing and physical</addrtype>
          <address>Mitchell Bldg. 2nd floor</address>
          <address>397 Panama Mall</address>
          <city>Stanford</city>
          <state>California</state>
          <postal>94305</postal>
          <country>US</country>
        </cntaddr>
        <cntvoice>650-723-2746</cntvoice>
        <cntemail>brannerlibrary@stanford.edu</cntemail>
      </cntinfo>
    </metc>
    <metstdn>FGDC Content Standard for Digital Geospatial Metadata</metstdn>
    <metstdv>FGDC-STD-001-1998</metstdv>
    <mettc>local time</mettc>
  </metainfo>
</metadata>
