,31278806,943344307,31368512,31516227,6989477,31540470,31364237,222136476,41783060,35560444,779799288,941658785,31299805,31460541,31795090,31273452,32935760
G06001303031034,0.0,0.0,0.0,0.0,0.0,0.0,0.0,0.0,0.0,0.0,0.0,0.0,0.0,0.0,1961.0089999999946,0.0,0.0
G06001303362023,1520.1899999999998,0.0,0.0,0.0,0.0,0.0,0.0,0.0,0.0,0.0,0.0,0.0,0.0,0.0,0.0,0.0,0.0
G06001303280001,0.0,0.0,0.0,0.0,0.0,0.0,0.0,0.0,0.0,0.0,0.0,0.0,0.0,622.611,0.0,0.0,0.0
G06001303860004,0.0,0.0,0.0,0.0,0.0,0.0,0.0,0.0,0.0,0.0,0.0,0.0,0.0,0.0,0.0,0.0,629.9165
G06001303280002,0.0,0.0,0.0,0.0,0.0,0.0,0.0,0.0,0.0,0.0,0.0,0.0,0.0,703.8075,0.0,0.0,0.0
G06001303050003,0.0,0.0,0.0,661.4927767453311,0.0,187.1612232546689,0.0,0.0,0.0,0.0,0.0,0.0,0.0,0.0,0.0,0.0,0.0
G06001303580002,0.0,0.0,0.0,0.0,0.0,0.0,0.0,0.0,1024.2899999999993,0.0,0.0,0.0,0.0,0.0,0.0,0.0,0.0
G06001303660011,0.0,856.2539999999999,0.0,0.0,0.0,0.0,0.0,0.0,0.0,0.0,0.0,0.0,0.0,0.0,0.0,0.0,0.0
G06001303132041,0.0,0.0,2029.3139999999999,0.0,0.0,0.0,0.0,0.0,0.0,0.0,0.0,0.0,0.0,0.0,0.0,0.0,0.0
G06001303310005,0.0,0.0,0.0,0.0,0.0,0.0,0.0,0.0,0.0,0.0,0.0,0.0,0.0,694.0699999999999,0.0,0.0,0.0
G06001303800003,0.0,0.0,0.0,0.0,0.0,0.0,0.0,0.0,0.0,746.3294999999999,0.0,0.0,0.0,0.0,0.0,0.0,0.0
G06001303591033,0.0,0.0,0.0,0.0,0.0,0.0,0.0,0.0,1304.4734999999964,0.0,0.0,0.0,0.0,0.0,0.0,0.0,0.0
G06001303630004,0.0,561.1839999999985,0.0,0.0,0.0,0.0,0.0,0.0,0.0,0.0,0.0,0.0,0.0,0.0,0.0,0.0,0.0
G06001303200011,0.0,0.0,0.0,0.0,0.0,0.0,0.0,989.1209999999955,0.0,0.0,0.0,0.0,0.0,0.0,0.0,0.0,0.0
G06001303650021,0.0,1925.1464999999998,0.0,0.0,0.0,0.0,0.0,0.0,0.0,0.0,0.0,0.0,0.0,0.0,0.0,0.0,0.0
G06001303270001,0.0,0.0,0.0,0.0,0.0,0.0,0.0,0.0,0.0,0.0,0.0,0.0,0.0,0.0,0.0,1537.7745,0.0
G06001303050004,0.0,0.0,0.0,2179.8129999999996,0.0,0.0,0.0,0.0,0.0,0.0,0.0,0.0,0.0,0.0,0.0,0.0,0.0
G06001303672002,0.0,1760.312,0.0,0.0,0.0,0.0,0.0,0.0,0.0,0.0,0.0,0.0,0.0,0.0,0.0,0.0,0.0
G06001303690014,0.0,1651.86,0.0,0.0,0.0,0.0,0.0,0.0,0.0,0.0,0.0,0.0,0.0,0.0,0.0,0.0,0.0
G06001303680011,0.0,653.2675,0.0,0.0,0.0,0.0,0.0,0.0,0.0,0.0,0.0,0.0,0.0,0.0,0.0,0.0,0.0
G06001303072054,0.0,0.0,0.0,1218.888,0.0,0.0,0.0,0.0,0.0,0.0,0.0,0.0,0.0,0.0,0.0,0.0,0.0
G06001303080013,0.0,0.0,0.0,0.0,0.0,805.8374999999999,0.0,0.0,0.0,0.0,0.0,0.0,0.0,0.0,0.0,0.0,0.0
G06001303552002,0.0,0.0,0.0,0.0,0.0,0.0,0.0,0.0,0.0,0.0,0.0,0.0,5468.428,0.0,0.0,0.0,0.0
G06001303650032,0.0,392.61600000000004,0.0,0.0,0.0,0.0,0.0,0.0,0.0,0.0,0.0,0.0,0.0,0.0,0.0,0.0,0.0
G06001303750002,0.0,0.0,0.0,0.0,0.0,0.0,0.0,0.0,0.0,1539.6554999999998,0.0,0.0,0.0,0.0,0.0,0.0,0.0
G06001303690012,0.0,1302.07,0.0,0.0,0.0,0.0,0.0,0.0,0.0,0.0,0.0,0.0,0.0,0.0,0.0,0.0,0.0
G06001303290001,0.0,0.0,0.0,0.0,0.0,0.0,0.0,0.0,0.0,0.0,0.0,0.0,0.0,0.0,0.0,1159.0949999999998,0.0
G06001303072051,0.0,0.0,0.0,1519.183,0.0,0.0,0.0,0.0,0.0,0.0,0.0,0.0,0.0,0.0,0.0,0.0,0.0
G06001303132062,0.0,0.0,2551.7,0.0,0.0,0.0,0.0,0.0,0.0,0.0,0.0,0.0,0.0,0.0,0.0,0.0,0.0
G06001303060032,0.0,0.0,0.0,0.0,0.0,1357.3600000000001,0.0,0.0,0.0,0.0,0.0,0.0,0.0,0.0,0.0,0.0,0.0
G06001303740001,0.0,0.0,0.0,0.0,0.0,0.0,0.0,0.0,0.0,0.0,0.0,0.0,0.0,0.0,0.0,0.0,487.89149999999995
G06001303710001,0.0,0.0,0.0,0.0,0.0,0.0,0.0,0.0,0.0,0.0,0.0,0.0,0.0,0.0,0.0,0.0,762.1659999999999
G06001303132051,0.0,0.0,870.048,0.0,0.0,0.0,0.0,0.0,0.0,0.0,0.0,0.0,0.0,0.0,0.0,0.0,0.0
G06001303810002,0.0,0.0,0.0,0.0,0.0,0.0,0.0,0.0,0.0,0.0,0.0,0.0,0.0,0.0,0.0,0.0,948.7935
G06001303141021,0.0,0.0,0.0,0.0,0.0,0.0,2104.63,0.0,0.0,0.0,0.0,0.0,0.0,0.0,0.0,0.0,0.0
G06001303131014,0.0,0.0,577.885,0.0,0.0,0.0,0.0,0.0,0.0,0.0,0.0,0.0,0.0,0.0,0.0,0.0,0.0
G06001303740002,0.0,0.0,0.0,0.0,0.0,0.0,0.0,0.0,0.0,0.0,0.0,0.0,0.0,0.0,0.0,0.0,742.3965
G06001303200012,0.0,0.0,0.0,0.0,0.0,0.0,0.0,1613.0999999999929,0.0,0.0,0.0,0.0,0.0,0.0,0.0,0.0,0.0
G06001303710004,0.0,0.0,0.0,0.0,0.0,0.0,0.0,0.0,0.0,0.0,0.0,0.0,0.0,0.0,0.0,0.0,711.3599999999999
G06001303730003,0.0,0.0,0.0,0.0,0.0,0.0,0.0,0.0,0.0,942.2099999999999,0.0,0.0,0.0,0.0,0.0,0.0,0.0
G06001303800001,0.0,0.0,0.0,0.0,0.0,0.0,0.0,0.0,0.0,2434.185,0.0,0.0,0.0,0.0,0.0,0.0,0.0
G06001303020061,0.0,0.0,0.0,0.0,660.287999999997,0.0,0.0,0.0,0.0,0.0,0.0,0.0,0.0,0.0,0.0,0.0,0.0
G06001303031021,0.0,0.0,0.0,0.0,3358.706,0.0,0.0,0.0,0.0,0.0,0.0,0.0,0.0,0.0,0.0,0.0,0.0
G06001303090001,0.0,0.0,20.173050128025466,0.0,0.0,0.0,2300.5629498719745,0.0,0.0,0.0,0.0,0.0,0.0,0.0,0.0,0.0,0.0
G06001303032041,0.0,0.0,0.0,0.0,0.0,0.0,0.0,0.0,0.0,0.0,0.0,0.0,0.0,0.0,862.5239999999999,0.0,0.0
G06001303060022,0.0,0.0,0.0,0.0,1986.754,0.0,0.0,0.0,0.0,0.0,0.0,0.0,0.0,0.0,0.0,0.0,0.0
G06001303770005,0.0,0.0,0.0,0.0,0.0,0.0,0.0,0.0,0.0,1257.1065,0.0,0.0,0.0,0.0,0.0,0.0,0.0
G06001303690023,0.0,702.354,0.0,0.0,0.0,0.0,0.0,0.0,0.0,0.0,0.0,0.0,0.0,0.0,0.0,0.0,0.0
G06001303072022,0.0,0.0,0.0,596.6474999999999,0.0,0.0,0.0,0.0,0.0,0.0,0.0,0.0,0.0,0.0,0.0,0.0,0.0
G06001303150002,0.0,0.0,0.0,0.0,0.0,0.0,0.0,0.0,0.0,0.0,0.0,0.0,2062.602,0.0,0.0,0.0,0.0
G06001303671001,0.0,829.7679999999999,0.0,0.0,0.0,0.0,0.0,0.0,0.0,0.0,0.0,0.0,0.0,0.0,0.0,0.0,0.0
G06001303770003,0.0,0.0,0.0,0.0,0.0,0.0,0.0,0.0,0.0,852.435,0.0,0.0,0.0,0.0,0.0,0.0,0.0
G06001303131022,0.0,0.0,956.992,0.0,0.0,0.0,0.0,0.0,0.0,0.0,0.0,0.0,0.0,0.0,0.0,0.0,0.0
G06001303072012,0.0,0.0,1108.213,0.0,0.0,0.0,0.0,0.0,0.0,0.0,0.0,0.0,0.0,0.0,0.0,0.0,0.0
G06001303720005,0.0,609.8715,0.0,0.0,0.0,0.0,0.0,0.0,0.0,0.0,0.0,0.0,0.0,0.0,0.0,0.0,0.0
G06001303580005,0.0,0.0,0.0,0.0,0.0,0.0,0.0,0.0,897.6359999999985,0.0,0.0,0.0,0.0,0.0,0.0,0.0,0.0
G06001303141033,0.0,0.0,0.0,0.0,0.0,0.0,0.0,0.0,0.0,0.0,0.0,0.0,1290.4515,0.0,0.0,0.0,0.0
G06001303770001,0.0,0.0,0.0,0.0,0.0,0.0,0.0,0.0,0.0,878.5695000000001,0.0,0.0,0.0,0.0,0.0,0.0,0.0
G06001303142002,0.0,0.0,0.0,0.0,0.0,0.0,0.0,0.0,0.0,0.0,0.0,0.0,2153.8305,0.0,0.0,0.0,0.0
G06001303290004,0.0,0.0,0.0,0.0,0.0,0.0,0.0,0.0,0.0,0.0,0.0,0.0,0.0,769.4999999999999,0.0,0.0,0.0
G06001303141041,0.0,0.0,0.0,0.0,0.0,0.0,0.0,0.0,0.0,0.0,0.0,0.0,1558.665,0.0,0.0,0.0,0.0
G06001303032012,0.0,0.0,0.0,0.0,0.0,0.0,0.0,0.0,0.0,0.0,0.0,1823.2019999999918,0.0,0.0,0.0,0.0,0.0
G06001303790001,0.0,0.0,0.0,0.0,0.0,0.0,0.0,0.0,0.0,1375.676,0.0,0.0,0.0,0.0,0.0,0.0,0.0
G06001303671003,0.0,1395.8445,0.0,0.0,0.0,0.0,0.0,0.0,0.0,0.0,0.0,0.0,0.0,0.0,0.0,0.0,0.0
G06001303071022,0.0,0.0,0.0,666.9,0.0,0.0,0.0,0.0,0.0,0.0,0.0,0.0,0.0,0.0,0.0,0.0,0.0
G06001303672001,0.0,1457.1765,0.0,0.0,0.0,0.0,0.0,0.0,0.0,0.0,0.0,0.0,0.0,0.0,0.0,0.0,0.0
G06001303810004,0.0,0.0,0.0,0.0,0.0,0.0,0.0,0.0,0.0,0.0,0.0,0.0,0.0,0.0,0.0,0.0,736.934
G06001303820004,0.0,0.0,0.0,0.0,0.0,0.0,0.0,0.0,0.0,0.0,0.0,0.0,0.0,0.0,0.0,0.0,871.112
G06001303361013,934.496,0.0,0.0,0.0,0.0,0.0,0.0,0.0,0.0,0.0,0.0,0.0,0.0,0.0,0.0,0.0,0.0
G06001303132042,0.0,0.0,0.0,0.0,0.0,0.0,1074.3075,0.0,0.0,0.0,0.0,0.0,0.0,0.0,0.0,0.0,0.0
G06001303710006,0.0,0.0,0.0,0.0,0.0,0.0,0.0,0.0,0.0,0.0,0.0,0.0,0.0,0.0,0.0,0.0,336.48999999999995
G06001303090002,0.0,0.0,577.884999999999,0.0,0.0,0.0,0.0,0.0,0.0,0.0,0.0,0.0,0.0,0.0,0.0,0.0,0.0
G06001303031033,0.0,0.0,0.0,0.0,0.0,0.0,0.0,0.0,0.0,0.0,0.0,0.0,0.0,0.0,2185.1234999999997,0.0,0.0
G06001303720003,0.0,0.0,0.0,0.0,0.0,0.0,0.0,0.0,0.0,0.0,0.0,0.0,0.0,0.0,0.0,0.0,469.376
G06001303362011,1368.2755,0.0,0.0,0.0,0.0,0.0,0.0,0.0,0.0,0.0,0.0,0.0,0.0,0.0,0.0,0.0,0.0
G06001303072023,0.0,0.0,0.0,1403.568,0.0,0.0,0.0,0.0,0.0,0.0,0.0,0.0,0.0,0.0,0.0,0.0,0.0
G06001303790002,0.0,0.0,0.0,0.0,0.0,0.0,0.0,0.0,0.0,1259.8709999999999,0.0,0.0,0.0,0.0,0.0,0.0,0.0
G06001303132032,0.0,0.0,336.3,0.0,0.0,0.0,0.0,0.0,0.0,0.0,0.0,0.0,0.0,0.0,0.0,0.0,0.0
G06001303730002,0.0,0.0,0.0,0.0,0.0,0.0,0.0,0.0,0.0,567.283,0.0,0.0,0.0,0.0,0.0,0.0,0.0
G06001303060042,0.0,0.0,0.0,0.0,0.0,781.7549999999999,0.0,0.0,0.0,0.0,0.0,0.0,0.0,0.0,0.0,0.0,0.0
G06001303141042,0.0,0.0,0.0,0.0,0.0,0.0,1579.3067947363563,0.0,0.0,0.0,0.0,0.0,1724.5082052636435,0.0,0.0,0.0,0.0
G06001303131032,0.0,0.0,835.1639999999978,0.0,0.0,0.0,0.0,0.0,0.0,0.0,0.0,0.0,0.0,0.0,0.0,0.0,0.0
G06001303700001,0.0,0.0,0.0,0.0,0.0,0.0,0.0,0.0,0.0,0.0,0.0,0.0,0.0,0.0,0.0,0.0,747.6974999999999
G06001303660021,0.0,1561.325,0.0,0.0,0.0,0.0,0.0,0.0,0.0,0.0,0.0,0.0,0.0,0.0,0.0,0.0,0.0
G06001303660012,0.0,1738.9084999999998,0.0,0.0,0.0,0.0,0.0,0.0,0.0,0.0,0.0,0.0,0.0,0.0,0.0,0.0,0.0
G06001303131013,0.0,0.0,1879.119,0.0,0.0,0.0,0.0,0.0,0.0,0.0,0.0,0.0,0.0,0.0,0.0,0.0,0.0
G06001303680022,0.0,1590.908,0.0,0.0,0.0,0.0,0.0,0.0,0.0,0.0,0.0,0.0,0.0,0.0,0.0,0.0,0.0
G06001303922002,0.0,5258.82,0.0,0.0,0.0,0.0,0.0,0.0,0.0,0.0,0.0,0.0,0.0,0.0,0.0,0.0,0.0
G06001303100003,0.0,0.0,0.0,0.0,0.0,0.0,2942.3399999999997,0.0,0.0,0.0,0.0,0.0,0.0,0.0,0.0,0.0,0.0
G06001303020062,0.0,0.0,0.0,0.0,1507.1844999999962,0.0,0.0,0.0,0.0,0.0,0.0,0.0,0.0,0.0,0.0,0.0,0.0
G06001303830002,0.0,0.0,0.0,0.0,0.0,0.0,0.0,0.0,0.0,0.0,0.0,0.0,0.0,0.0,0.0,0.0,1040.7535
G06001303072021,0.0,0.0,0.0,1196.9999999999998,0.0,0.0,0.0,0.0,0.0,0.0,0.0,0.0,0.0,0.0,0.0,0.0,0.0
G06001303071021,0.0,0.0,0.0,568.1284999999999,0.0,0.0,0.0,0.0,0.0,0.0,0.0,0.0,0.0,0.0,0.0,0.0,0.0
G06001303580001,0.0,0.0,0.0,0.0,0.0,0.0,0.0,0.0,1535.351999999996,0.0,0.0,0.0,0.0,0.0,0.0,0.0,0.0
G06001303650022,0.0,0.0,0.0,0.0,0.0,0.0,0.0,0.0,0.0,1123.7169999999999,0.0,0.0,0.0,0.0,0.0,0.0,0.0
G06001303770002,0.0,0.0,0.0,0.0,0.0,0.0,0.0,0.0,0.0,896.4865,0.0,0.0,0.0,0.0,0.0,0.0,0.0
G06001303141023,0.0,0.0,0.0,0.0,0.0,0.0,1799.4899999999998,0.0,0.0,0.0,0.0,0.0,0.0,0.0,0.0,0.0,0.0
G06001303080022,0.0,0.0,0.0,0.0,0.0,1153.908,0.0,0.0,0.0,0.0,0.0,0.0,0.0,0.0,0.0,0.0,0.0
G06001303110003,0.0,0.0,0.0,0.0,0.0,0.0,1508.182,0.0,0.0,0.0,0.0,0.0,0.0,0.0,0.0,0.0,0.0
G06001303780002,0.0,0.0,0.0,0.0,0.0,0.0,0.0,0.0,0.0,1112.868,0.0,0.0,0.0,0.0,0.0,0.0,0.0
G06001303142001,0.0,0.0,0.0,0.0,0.0,0.0,0.0,0.0,0.0,0.0,0.0,0.0,2113.902,0.0,0.0,0.0,0.0
G06001303750003,0.0,0.0,0.0,0.0,0.0,0.0,0.0,0.0,0.0,744.496,0.0,0.0,0.0,0.0,0.0,0.0,0.0
G06001303060021,0.0,0.0,0.0,0.0,0.0,766.7639999999999,0.0,0.0,0.0,0.0,0.0,0.0,0.0,0.0,0.0,0.0,0.0
G06001303110002,0.0,0.0,1595.1354999999999,0.0,0.0,0.0,0.0,0.0,0.0,0.0,0.0,0.0,0.0,0.0,0.0,0.0,0.0
G06001303120001,0.0,0.0,2024.3074999999947,0.0,0.0,0.0,0.0,0.0,0.0,0.0,0.0,0.0,0.0,0.0,0.0,0.0,0.0
G06001303131021,0.0,0.0,2181.162,0.0,0.0,0.0,0.0,0.0,0.0,0.0,0.0,0.0,0.0,0.0,0.0,0.0,0.0
G06001303100002,0.0,0.0,771.1245,0.0,0.0,0.0,0.0,0.0,0.0,0.0,0.0,0.0,0.0,0.0,0.0,0.0,0.0
G06001303780001,0.0,0.0,0.0,0.0,0.0,0.0,0.0,0.0,0.0,1356.5999999999938,0.0,0.0,0.0,0.0,0.0,0.0,0.0
G06001303820003,0.0,0.0,0.0,0.0,0.0,0.0,0.0,0.0,0.0,0.0,0.0,0.0,0.0,0.0,0.0,0.0,2667.3909999999996
G06001303020052,0.0,0.0,0.0,0.0,1533.965,0.0,0.0,0.0,0.0,0.0,0.0,0.0,0.0,0.0,0.0,0.0,0.0
G06001303790004,0.0,0.0,0.0,0.0,0.0,0.0,0.0,0.0,0.0,2581.6629999999996,0.0,0.0,0.0,0.0,0.0,0.0,0.0
G06001303672003,0.0,961.9224999999999,0.0,0.0,0.0,0.0,0.0,0.0,0.0,0.0,0.0,0.0,0.0,0.0,0.0,0.0,0.0
G06001303050002,0.0,0.0,0.0,0.0,0.0,401.166,0.0,0.0,0.0,0.0,0.0,0.0,0.0,0.0,0.0,0.0,0.0
G06001303362012,860.9754999999999,0.0,0.0,0.0,0.0,0.0,0.0,0.0,0.0,0.0,0.0,0.0,0.0,0.0,0.0,0.0,0.0
G06001303290003,0.0,0.0,0.0,0.0,0.0,0.0,0.0,0.0,0.0,0.0,0.0,0.0,0.0,1071.6474999999998,0.0,0.0,0.0
G06001303141022,0.0,0.0,0.0,0.0,0.0,0.0,912.627,0.0,0.0,0.0,0.0,0.0,0.0,0.0,0.0,0.0,0.0
G06001303132061,0.0,0.0,862.41,0.0,0.0,0.0,0.0,0.0,0.0,0.0,0.0,0.0,0.0,0.0,0.0,0.0,0.0
G06001303290002,0.0,0.0,0.0,0.0,0.0,0.0,0.0,0.0,0.0,0.0,0.0,0.0,0.0,0.0,0.0,1134.243,0.0
G06001303031031,0.0,0.0,0.0,0.0,0.0,0.0,0.0,0.0,0.0,0.0,0.0,0.0,0.0,0.0,1252.8599999999979,0.0,0.0
G06001303071023,0.0,0.0,0.0,1182.7499999999998,0.0,0.0,0.0,0.0,0.0,0.0,0.0,0.0,0.0,0.0,0.0,0.0,0.0
G06001303270003,0.0,0.0,0.0,0.0,0.0,0.0,0.0,0.0,0.0,0.0,0.0,0.0,0.0,1436.4,0.0,0.0,0.0
G06001303710005,0.0,0.0,0.0,0.0,0.0,0.0,0.0,0.0,0.0,0.0,0.0,0.0,0.0,0.0,0.0,0.0,718.466
G06001303800002,0.0,0.0,0.0,0.0,0.0,0.0,0.0,0.0,0.0,0.0,0.0,0.0,0.0,0.0,0.0,0.0,1037.229
G06001303820001,0.0,0.0,0.0,0.0,0.0,0.0,0.0,0.0,0.0,0.0,0.0,0.0,0.0,0.0,0.0,0.0,822.5955
G06001303760003,0.0,0.0,0.0,0.0,0.0,0.0,0.0,0.0,0.0,1231.01,0.0,0.0,0.0,0.0,0.0,0.0,0.0
G06001303680013,0.0,846.4119999999999,0.0,0.0,0.0,0.0,0.0,0.0,0.0,0.0,0.0,0.0,0.0,0.0,0.0,0.0,0.0
G06001303690013,0.0,1686.744,0.0,0.0,0.0,0.0,0.0,0.0,0.0,0.0,0.0,0.0,0.0,0.0,0.0,0.0,0.0
G06001303020081,0.0,0.0,0.0,0.0,1628.3189999999972,0.0,0.0,0.0,0.0,0.0,0.0,0.0,0.0,0.0,0.0,0.0,0.0
G06001303740004,0.0,0.0,0.0,0.0,0.0,0.0,0.0,0.0,0.0,916.4839999999999,0.0,0.0,0.0,0.0,0.0,0.0,0.0
G06001303020053,0.0,0.0,0.0,0.0,1299.771,0.0,0.0,0.0,0.0,0.0,0.0,0.0,0.0,0.0,0.0,0.0,0.0
G06001303020092,0.0,0.0,0.0,0.0,0.0,0.0,0.0,0.0,0.0,0.0,0.0,1955.7459999999999,0.0,0.0,0.0,0.0,0.0
G06001303760004,0.0,0.0,0.0,0.0,0.0,0.0,0.0,0.0,0.0,688.2465,0.0,0.0,0.0,0.0,0.0,0.0,0.0
G06001303362013,671.346,0.0,0.0,0.0,0.0,0.0,0.0,0.0,0.0,0.0,0.0,0.0,0.0,0.0,0.0,0.0,0.0
G06001303361012,986.7649999999999,0.0,0.0,0.0,0.0,0.0,0.0,0.0,0.0,0.0,0.0,0.0,0.0,0.0,0.0,0.0,0.0
G06001303770004,0.0,0.0,0.0,0.0,0.0,0.0,0.0,0.0,0.0,2415.5649999999996,0.0,0.0,0.0,0.0,0.0,0.0,0.0
G06001303680012,0.0,1519.107,0.0,0.0,0.0,0.0,0.0,0.0,0.0,0.0,0.0,0.0,0.0,0.0,0.0,0.0,0.0
G06001303031032,0.0,0.0,0.0,0.0,0.0,0.0,0.0,0.0,0.0,0.0,0.0,0.0,0.0,0.0,2157.25999999999,0.0,0.0
G06001303552001,0.0,0.0,0.0,0.0,0.0,0.0,0.0,0.0,0.0,0.0,0.0,0.0,0.0,2777.9139999999998,0.0,0.0,0.0
G06001303020054,0.0,0.0,0.0,0.0,624.0360000000001,0.0,0.0,0.0,0.0,0.0,0.0,0.0,0.0,0.0,0.0,0.0,0.0
G06001303650033,0.0,1086.021,0.0,0.0,0.0,0.0,0.0,0.0,0.0,0.0,0.0,0.0,0.0,0.0,0.0,0.0,0.0
G06001303640021,0.0,1489.295999999996,0.0,0.0,0.0,0.0,0.0,0.0,0.0,0.0,0.0,0.0,0.0,0.0,0.0,0.0,0.0
G06001303270002,0.0,0.0,0.0,0.0,0.0,0.0,0.0,0.0,0.0,0.0,0.0,0.0,0.0,0.0,0.0,606.8789999999999,0.0
G06001303720006,0.0,1029.857,0.0,0.0,0.0,0.0,0.0,0.0,0.0,0.0,0.0,0.0,0.0,0.0,0.0,0.0,0.0
G06001303361024,0.0,0.0,0.0,0.0,0.0,0.0,0.0,0.0,0.0,0.0,0.0,0.0,0.0,1024.556,0.0,0.0,0.0
G06001303790003,0.0,0.0,0.0,0.0,0.0,0.0,0.0,0.0,0.0,950.76,0.0,0.0,0.0,0.0,0.0,0.0,0.0
G06001303630001,0.0,1090.581,0.0,0.0,0.0,0.0,0.0,0.0,0.0,0.0,0.0,0.0,0.0,0.0,0.0,0.0,0.0
G06001303050001,0.0,0.0,0.0,0.0,0.0,1215.696,0.0,0.0,0.0,0.0,0.0,0.0,0.0,0.0,0.0,0.0,0.0
G06001303080012,0.0,0.0,0.0,0.0,0.0,1806.1399999999999,0.0,0.0,0.0,0.0,0.0,0.0,0.0,0.0,0.0,0.0,0.0
G06001303830001,0.0,0.0,0.0,0.0,0.0,0.0,0.0,0.0,0.0,0.0,0.0,0.0,0.0,0.0,0.0,0.0,1298.5929999999998
G06001303362022,665.0474999999999,0.0,0.0,0.0,0.0,0.0,0.0,0.0,0.0,0.0,0.0,0.0,0.0,0.0,0.0,0.0,0.0
G06001303361011,0.0,0.0,0.0,0.0,0.0,0.0,0.0,0.0,0.0,0.0,0.0,0.0,0.0,1397.1649999999997,0.0,0.0,0.0
G06001303200042,0.0,0.0,0.0,0.0,0.0,0.0,0.0,1180.2419999999859,0.0,0.0,0.0,0.0,0.0,0.0,0.0,0.0,0.0
G06001303132043,0.0,0.0,900.5999999999999,0.0,0.0,0.0,0.0,0.0,0.0,0.0,0.0,0.0,0.0,0.0,0.0,0.0,0.0
G06001303810005,0.0,0.0,0.0,0.0,0.0,0.0,0.0,0.0,0.0,302.993,0.0,0.0,0.0,0.0,0.0,0.0,0.0
G06001303640022,0.0,1160.9759999999972,0.0,0.0,0.0,0.0,0.0,0.0,0.0,0.0,0.0,0.0,0.0,0.0,0.0,0.0,0.0
G06001303870003,0.0,0.0,0.0,0.0,0.0,0.0,0.0,0.0,0.0,0.0,0.0,0.0,0.0,0.0,0.0,0.0,833.7104999999999
G06001303020072,0.0,0.0,0.0,0.0,1852.994,0.0,0.0,0.0,0.0,0.0,0.0,0.0,0.0,0.0,0.0,0.0,0.0
G06001303720007,0.0,1002.7439999999999,0.0,0.0,0.0,0.0,0.0,0.0,0.0,0.0,0.0,0.0,0.0,0.0,0.0,0.0,0.0
G06001303860001,0.0,0.0,0.0,0.0,0.0,0.0,0.0,0.0,0.0,0.0,0.0,0.0,0.0,0.0,0.0,0.0,506.825
G06001303640023,0.0,845.2149999999978,0.0,0.0,0.0,0.0,0.0,0.0,0.0,0.0,0.0,0.0,0.0,0.0,0.0,0.0,0.0
G06001303032042,0.0,0.0,0.0,0.0,0.0,0.0,0.0,0.0,0.0,0.0,0.0,0.0,0.0,0.0,727.32,0.0,0.0
G06001303710002,0.0,0.0,0.0,0.0,0.0,0.0,0.0,0.0,0.0,0.0,0.0,0.0,0.0,0.0,0.0,0.0,648.4319999999999
G06001303730001,0.0,0.0,0.0,0.0,0.0,0.0,0.0,0.0,0.0,1759.9225,0.0,0.0,0.0,0.0,0.0,0.0,0.0
G06001303671004,0.0,659.091,0.0,0.0,0.0,0.0,0.0,0.0,0.0,0.0,0.0,0.0,0.0,0.0,0.0,0.0,0.0
G06001303650031,0.0,1212.77,0.0,0.0,0.0,0.0,0.0,0.0,0.0,0.0,0.0,0.0,0.0,0.0,0.0,0.0,0.0
G06001303630003,0.0,1228.0365,0.0,0.0,0.0,0.0,0.0,0.0,0.0,0.0,0.0,0.0,0.0,0.0,0.0,0.0,0.0
G06001303031022,0.0,0.0,0.0,0.0,0.0,0.0,0.0,0.0,0.0,0.0,0.0,0.0,0.0,0.0,1476.5849999999998,0.0,0.0
G06001303132063,0.0,0.0,1201.1229999999998,0.0,0.0,0.0,0.0,0.0,0.0,0.0,0.0,0.0,0.0,0.0,0.0,0.0,0.0
G06001303362021,1711.1114999999998,0.0,0.0,0.0,0.0,0.0,0.0,0.0,0.0,0.0,0.0,0.0,0.0,0.0,0.0,0.0,0.0
G06001303150001,0.0,0.0,0.0,0.0,0.0,0.0,0.0,0.0,0.0,0.0,0.0,0.0,0.0,0.0,0.0,687.648,0.0
G06001303040021,0.0,0.0,0.0,0.0,0.0,0.0,0.0,0.0,0.0,0.0,694.925,0.0,0.0,0.0,0.0,0.0,0.0
G06001303580003,0.0,0.0,0.0,0.0,0.0,0.0,0.0,0.0,548.6249999999986,0.0,0.0,0.0,0.0,0.0,0.0,0.0,0.0
G06001303690011,0.0,840.522,0.0,0.0,0.0,0.0,0.0,0.0,0.0,0.0,0.0,0.0,0.0,0.0,0.0,0.0,0.0
G06001303700003,0.0,0.0,0.0,0.0,0.0,0.0,0.0,0.0,0.0,0.0,0.0,0.0,0.0,0.0,0.0,0.0,494.171
G06001303080011,0.0,0.0,0.0,0.0,0.0,790.02,0.0,0.0,0.0,0.0,0.0,0.0,0.0,0.0,0.0,0.0,0.0
G06001303131033,0.0,0.0,830.451999999998,0.0,0.0,0.0,0.0,0.0,0.0,0.0,0.0,0.0,0.0,0.0,0.0,0.0,0.0
G06001303072043,0.0,0.0,0.0,976.752,0.0,0.0,0.0,0.0,0.0,0.0,0.0,0.0,0.0,0.0,0.0,0.0,0.0
G06001303720001,0.0,495.33,0.0,0.0,0.0,0.0,0.0,0.0,0.0,0.0,0.0,0.0,0.0,0.0,0.0,0.0,0.0
G06001303050005,0.0,0.0,0.0,1198.9095,0.0,0.0,0.0,0.0,0.0,0.0,0.0,0.0,0.0,0.0,0.0,0.0,0.0
G06001303270005,0.0,0.0,0.0,0.0,0.0,0.0,0.0,0.0,0.0,0.0,0.0,0.0,0.0,1270.72,0.0,0.0,0.0
G06001303060033,0.0,0.0,0.0,0.0,0.0,1346.245,0.0,0.0,0.0,0.0,0.0,0.0,0.0,0.0,0.0,0.0,0.0
G06001303680014,0.0,904.9319999999999,0.0,0.0,0.0,0.0,0.0,0.0,0.0,0.0,0.0,0.0,0.0,0.0,0.0,0.0,0.0
G06001303660013,0.0,688.237,0.0,0.0,0.0,0.0,0.0,0.0,0.0,0.0,0.0,0.0,0.0,0.0,0.0,0.0,0.0
G06001303141031,0.0,0.0,0.0,0.0,0.0,0.0,0.0,0.0,0.0,0.0,0.0,0.0,1747.0499999999997,0.0,0.0,0.0,0.0
G06001303131031,0.0,0.0,3074.0954999999917,0.0,0.0,0.0,0.0,0.0,0.0,0.0,0.0,0.0,0.0,0.0,0.0,0.0,0.0
G06001303680021,0.0,1410.1895,0.0,0.0,0.0,0.0,0.0,0.0,0.0,0.0,0.0,0.0,0.0,0.0,0.0,0.0,0.0
G06001303240021,663.5749999999921,0.0,0.0,0.0,0.0,0.0,0.0,0.0,0.0,0.0,0.0,0.0,0.0,0.0,0.0,0.0,0.0
G06001303830003,0.0,0.0,0.0,0.0,0.0,0.0,0.0,0.0,0.0,0.0,0.0,0.0,0.0,0.0,0.0,0.0,1171.900999999986
G06001303142003,0.0,0.0,0.0,0.0,0.0,0.0,0.0,0.0,0.0,0.0,0.0,0.0,1769.8499999999922,0.0,0.0,0.0,0.0
G06001303080021,0.0,0.0,0.0,0.0,0.0,1425.912,0.0,0.0,0.0,0.0,0.0,0.0,0.0,0.0,0.0,0.0,0.0
G06001303072052,0.0,0.0,1677.662,0.0,0.0,0.0,0.0,0.0,0.0,0.0,0.0,0.0,0.0,0.0,0.0,0.0,0.0
G06001303032011,0.0,0.0,0.0,0.0,0.0,0.0,0.0,0.0,0.0,0.0,0.0,1274.4249999999943,0.0,0.0,0.0,0.0,0.0
G06001303750001,0.0,0.0,0.0,0.0,0.0,0.0,0.0,0.0,0.0,1742.224,0.0,0.0,0.0,0.0,0.0,0.0,0.0
G06001303032043,0.0,0.0,0.0,0.0,0.0,0.0,0.0,0.0,0.0,0.0,0.0,0.0,0.0,0.0,1328.1,0.0,0.0
G06001303720004,0.0,0.0,0.0,0.0,0.0,0.0,0.0,0.0,0.0,0.0,0.0,0.0,0.0,0.0,0.0,0.0,627.285
G06001303660022,0.0,1601.757,0.0,0.0,0.0,0.0,0.0,0.0,0.0,0.0,0.0,0.0,0.0,0.0,0.0,0.0,0.0
G06001303131012,0.0,0.0,1499.7555,0.0,0.0,0.0,0.0,0.0,0.0,0.0,0.0,0.0,0.0,0.0,0.0,0.0,0.0
G06001303810001,0.0,0.0,0.0,0.0,0.0,0.0,0.0,0.0,0.0,0.0,0.0,0.0,0.0,0.0,0.0,0.0,1216.665
G06001303922004,0.0,920.7779999999975,0.0,0.0,0.0,0.0,0.0,0.0,0.0,0.0,0.0,0.0,0.0,0.0,0.0,0.0,0.0
G06001303032031,0.0,0.0,0.0,0.0,0.0,0.0,0.0,0.0,0.0,0.0,0.0,2512.291037218681,0.0,0.0,3036.2789627813186,0.0,0.0
G06001303310003,0.0,0.0,0.0,0.0,0.0,0.0,0.0,0.0,0.0,0.0,0.0,0.0,0.0,387.59999999999997,0.0,0.0,0.0
G06001303310001,0.0,0.0,0.0,0.0,0.0,0.0,0.0,0.0,0.0,0.0,0.0,0.0,0.0,592.515,0.0,0.0,0.0
G06001303361023,0.0,0.0,0.0,0.0,0.0,0.0,0.0,0.0,0.0,0.0,0.0,0.0,0.0,1039.87,0.0,0.0,0.0
G06001303660023,0.0,2473.7239999999997,0.0,0.0,0.0,0.0,0.0,0.0,0.0,0.0,0.0,0.0,0.0,0.0,0.0,0.0,0.0
G06001303020091,0.0,0.0,0.0,0.0,0.0,0.0,0.0,0.0,0.0,0.0,0.0,1577.0,0.0,0.0,0.0,0.0,0.0
G06001303650023,0.0,2030.9859999999999,0.0,0.0,0.0,0.0,0.0,0.0,0.0,0.0,0.0,0.0,0.0,0.0,0.0,0.0,0.0
G06001303820002,0.0,0.0,0.0,0.0,0.0,0.0,0.0,0.0,0.0,0.0,0.0,0.0,0.0,0.0,0.0,0.0,2791.6319999999996
G06001303060031,0.0,0.0,0.0,0.0,0.0,1091.398,0.0,0.0,0.0,0.0,0.0,0.0,0.0,0.0,0.0,0.0,0.0
G06001303922001,0.0,1506.4719999999961,0.0,0.0,0.0,0.0,0.0,0.0,0.0,0.0,0.0,0.0,0.0,0.0,0.0,0.0,0.0
G06001303141044,0.0,0.0,0.0,0.0,0.0,0.0,1589.3595,0.0,0.0,0.0,0.0,0.0,0.0,0.0,0.0,0.0,0.0
G06001303740003,0.0,0.0,0.0,0.0,0.0,0.0,0.0,0.0,0.0,487.91999999999996,0.0,0.0,0.0,0.0,0.0,0.0,0.0
G06001303361022,1204.5049999999999,0.0,0.0,0.0,0.0,0.0,0.0,0.0,0.0,0.0,0.0,0.0,0.0,0.0,0.0,0.0,0.0
G06001303580004,0.0,0.0,0.0,0.0,0.0,0.0,0.0,0.0,1247.520999999998,0.0,0.0,0.0,0.0,0.0,0.0,0.0,0.0
G06001303361021,1107.776,0.0,0.0,0.0,0.0,0.0,0.0,0.0,0.0,0.0,0.0,0.0,0.0,0.0,0.0,0.0,0.0
G06001303072011,0.0,0.0,1466.3249999999998,0.0,0.0,0.0,0.0,0.0,0.0,0.0,0.0,0.0,0.0,0.0,0.0,0.0,0.0
G06001303071024,0.0,0.0,0.0,1396.0155,0.0,0.0,0.0,0.0,0.0,0.0,0.0,0.0,0.0,0.0,0.0,0.0,0.0
G06001303141043,0.0,0.0,0.0,0.0,0.0,0.0,1134.6609999999998,0.0,0.0,0.0,0.0,0.0,0.0,0.0,0.0,0.0,0.0
G06001303760002,0.0,0.0,0.0,0.0,0.0,0.0,0.0,0.0,0.0,2539.6349999999998,0.0,0.0,0.0,0.0,0.0,0.0,0.0
G06001303760001,0.0,0.0,0.0,0.0,0.0,0.0,0.0,0.0,0.0,1150.184,0.0,0.0,0.0,0.0,0.0,0.0,0.0
G06001303100001,0.0,0.0,1559.1019999999999,0.0,0.0,0.0,0.0,0.0,0.0,0.0,0.0,0.0,0.0,0.0,0.0,0.0,0.0
G06001303300004,0.0,0.0,0.0,0.0,0.0,0.0,0.0,0.0,0.0,0.0,0.0,0.0,0.0,762.1184999999999,0.0,0.0,0.0
G06001303020051,0.0,0.0,0.0,0.0,1119.328,0.0,0.0,0.0,0.0,0.0,0.0,0.0,0.0,0.0,0.0,0.0,0.0
G06001303060041,0.0,0.0,0.0,0.0,0.0,1585.075,0.0,0.0,0.0,0.0,0.0,0.0,0.0,0.0,0.0,0.0,0.0
G06001303072053,0.0,0.0,330.5763589053325,99.91614109466752,0.0,0.0,0.0,0.0,0.0,0.0,0.0,0.0,0.0,0.0,0.0,0.0,0.0
G06001303132031,0.0,0.0,0.0,0.0,0.0,0.0,944.528,0.0,0.0,0.0,0.0,0.0,0.0,0.0,0.0,0.0,0.0
G06001303270004,0.0,0.0,0.0,0.0,0.0,0.0,0.0,0.0,0.0,0.0,0.0,0.0,0.0,0.0,0.0,785.251,0.0
G06001303720002,0.0,458.964,0.0,0.0,0.0,0.0,0.0,0.0,0.0,0.0,0.0,0.0,0.0,0.0,0.0,0.0,0.0
G06001303810003,0.0,0.0,0.0,0.0,0.0,0.0,0.0,0.0,0.0,0.0,0.0,0.0,0.0,0.0,0.0,0.0,2188.9139999999998
G06001303131011,0.0,0.0,1309.0334999999964,0.0,0.0,0.0,0.0,0.0,0.0,0.0,0.0,0.0,0.0,0.0,0.0,0.0,0.0
G06001303110001,0.0,0.0,1151.21,0.0,0.0,0.0,0.0,0.0,0.0,0.0,0.0,0.0,0.0,0.0,0.0,0.0,0.0
G06001303710003,0.0,0.0,0.0,0.0,0.0,0.0,0.0,0.0,0.0,0.0,0.0,0.0,0.0,0.0,0.0,0.0,616.265
G06001303080014,0.0,0.0,0.0,0.0,0.0,1835.4569999999999,0.0,0.0,0.0,0.0,0.0,0.0,0.0,0.0,0.0,0.0,0.0
G06001303922003,0.0,1281.9299999999978,0.0,0.0,0.0,0.0,0.0,0.0,0.0,0.0,0.0,0.0,0.0,0.0,0.0,0.0,0.0
G06001303141032,0.0,0.0,0.0,0.0,0.0,0.0,0.0,0.0,0.0,0.0,0.0,0.0,840.75,0.0,0.0,0.0,0.0
